Order_ID,Date,Region,Product_Category,Product,Sales,Profit,Quantity,Customer_Age,Gender
1001,2025-01-05,North,Electronics,Laptop,850,120,2,25,M
1002,2025-01-06,South,Clothing,T-Shirt,40,8,4,22,F
1003,2025-01-07,East,Electronics,Phone,650,90,1,30,M
1004,2025-01-08,West,Furniture,Chair,120,25,2,35,F
1005,2025-01-09,North,Clothing,Jeans,60,12,2,28,M
1006,2025-01-10,South,Electronics,Tablet,300,50,1,40,F
1007,2025-01-11,East,Furniture,Desk,250,45,1,45,M
1008,2025-01-12,West,Clothing,Jacket,90,18,1,32,F
1009,2025-01-13,North,Electronics,Monitor,220,35,2,29,M
1010,2025-01-14,South,Furniture,Sofa,700,130,1,38,F
1011,2025-01-15,East,Electronics,Phone,680,95,1,24,F
1012,2025-01-16,West,Clothing,Shoes,75,15,2,27,M
1013,2025-01-17,North,Furniture,Table,180,30,1,42,F
1014,2025-01-18,South,Electronics,Laptop,920,150,2,31,M
1015,2025-01-19,East,Clothing,T-Shirt,35,6,3,23,F
1016,2025-01-20,West,Furniture,Chair,110,20,2,36,M
1017,2025-01-21,North,Electronics,Tablet,310,52,1,26,F
1018,2025-01-22,South,Clothing,Jeans,65,13,2,34,M
1019,2025-01-23,East,Furniture,Desk,260,48,1,39,F
1020,2025-01-24,West,Electronics,Monitor,240,38,2,28,M
1021,2025-01-25,North,Clothing,Jacket,95,19,1,33,F
1022,2025-01-26,South,Furniture,Sofa,750,140,1,41,M
1023,2025-01-27,East,Electronics,Phone,710,100,1,22,F
1024,2025-01-28,West,Clothing,Shoes,80,16,2,30,M
1025,2025-01-29,North,Furniture,Table,190,32,1,37,F
1026,2025-01-30,South,Electronics,Laptop,890,145,2,29,M
1027,2025-01-31,East,Clothing,T-Shirt,45,9,4,26,F
1028,2025-02-01,West,Furniture,Chair,130,28,2,43,M
1029,2025-02-02,North,Electronics,Tablet,320,55,1,35,F
1030,2025-02-03,South,Clothing,Jeans,70,14,2,27,M