Study_Hours,Attendance,Sleep_Hours,Previous_Score,Assignment_Score,Result
2.5,65,6.0,55,60,Fail
4.0,75,7.0,62,68,Pass
5.5,85,7.5,70,75,Pass
1.5,55,5.5,48,52,Fail
6.0,90,8.0,78,85,Pass
3.0,70,6.5,58,62,Fail
7.0,92,8.0,85,90,Pass
2.0,60,6.0,50,55,Fail
4.5,80,7.0,65,72,Pass
3.5,72,6.5,60,65,Pass
1.0,50,5.0,42,45,Fail
6.5,88,7.5,80,86,Pass
2.8,68,6.0,52,58,Fail
5.0,82,7.0,68,74,Pass
7.5,95,8.5,90,94,Pass
1.8,58,5.5,45,50,Fail
4.2,77,7.0,63,69,Pass
3.2,66,6.0,55,60,Fail
5.8,86,7.5,75,82,Pass
2.2,62,5.5,48,54,Fail